"","date","home.team","home.score","away.team","away.score"
"1",17-08-18,"Leganes",1,"Alaves",0
"2",17-08-18,"Valencia",1,"Las Palmas",0
"3",17-08-19,"Celta",2,"Sociedad",3
"4",17-08-19,"Girona",2,"Ath Madrid",2
"5",17-08-19,"Sevilla",1,"Espanol",1
"6",17-08-20,"Ath Bilbao",0,"Getafe",0
"7",17-08-20,"Barcelona",2,"Betis",0
"8",17-08-20,"La Coruna",0,"Real Madrid",3
"9",17-08-21,"Levante",1,"Villarreal",0
"10",17-08-21,"Malaga",0,"Eibar",1
"11",17-08-25,"Betis",2,"Celta",1
"12",17-08-25,"Sociedad",3,"Villarreal",0
"13",17-08-26,"Alaves",0,"Barcelona",2
"14",17-08-26,"Girona",1,"Malaga",0
"15",17-08-26,"Las Palmas",1,"Ath Madrid",5
"16",17-08-26,"Levante",2,"La Coruna",2
"17",17-08-27,"Eibar",0,"Ath Bilbao",1
"18",17-08-27,"Espanol",0,"Leganes",1
"19",17-08-27,"Getafe",0,"Sevilla",1
"20",17-08-27,"Real Madrid",2,"Valencia",2
"21",17-09-08,"Leganes",1,"Getafe",2
"22",17-09-09,"Barcelona",5,"Espanol",0
"23",17-09-09,"Real Madrid",1,"Levante",1
"24",17-09-09,"Sevilla",3,"Eibar",0
"25",17-09-09,"Valencia",0,"Ath Madrid",0
"26",17-09-10,"Ath Bilbao",2,"Girona",0
"27",17-09-10,"Celta",1,"Alaves",0
"28",17-09-10,"La Coruna",2,"Sociedad",4
"29",17-09-10,"Villarreal",3,"Betis",1
"30",17-09-11,"Malaga",1,"Las Palmas",3
"31",17-09-15,"Eibar",1,"Leganes",0
"32",17-09-16,"Ath Madrid",1,"Malaga",0
"33",17-09-16,"Betis",2,"La Coruna",1
"34",17-09-16,"Getafe",1,"Barcelona",2
"35",17-09-16,"Levante",1,"Valencia",1
"36",17-09-17,"Alaves",0,"Villarreal",3
"37",17-09-17,"Girona",0,"Sevilla",1
"38",17-09-17,"Las Palmas",1,"Ath Bilbao",0
"39",17-09-17,"Sociedad",1,"Real Madrid",3
"40",17-09-18,"Espanol",2,"Celta",1
"41",17-09-19,"Barcelona",6,"Eibar",1
"42",17-09-19,"Valencia",5,"Malaga",0
"43",17-09-20,"Ath Bilbao",1,"Ath Madrid",2
"44",17-09-20,"La Coruna",1,"Alaves",0
"45",17-09-20,"Leganes",0,"Girona",0
"46",17-09-20,"Real Madrid",0,"Betis",1
"47",17-09-20,"Sevilla",1,"Las Palmas",0
"48",17-09-21,"Celta",1,"Getafe",1
"49",17-09-21,"Levante",3,"Sociedad",0
"50",17-09-21,"Villarreal",0,"Espanol",0
"51",17-09-23,"Alaves",1,"Real Madrid",2
"52",17-09-23,"Ath Madrid",2,"Sevilla",0
"53",17-09-23,"Girona",0,"Barcelona",3
"54",17-09-23,"Malaga",3,"Ath Bilbao",3
"55",17-09-24,"Eibar",0,"Celta",4
"56",17-09-24,"Espanol",4,"La Coruna",1
"57",17-09-24,"Getafe",4,"Villarreal",0
"58",17-09-24,"Las Palmas",0,"Leganes",2
"59",17-09-24,"Sociedad",2,"Valencia",3
"60",17-09-25,"Betis",4,"Levante",0
"61",17-09-29,"Celta",3,"Girona",3
"62",17-09-30,"La Coruna",2,"Getafe",1
"63",17-09-30,"Leganes",0,"Ath Madrid",0
"64",17-09-30,"Levante",0,"Alaves",2
"65",17-09-30,"Sevilla",2,"Malaga",0
"66",17-10-01,"Barcelona",3,"Las Palmas",0
"67",17-10-01,"Real Madrid",2,"Espanol",0
"68",17-10-01,"Sociedad",4,"Betis",4
"69",17-10-01,"Valencia",3,"Ath Bilbao",2
"70",17-10-01,"Villarreal",3,"Eibar",0
"71",17-10-13,"Espanol",0,"Levante",0
"72",17-10-14,"Alaves",0,"Sociedad",2
"73",17-10-14,"Ath Bilbao",1,"Sevilla",0
"74",17-10-14,"Ath Madrid",1,"Barcelona",1
"75",17-10-14,"Getafe",1,"Real Madrid",2
"76",17-10-15,"Betis",3,"Valencia",6
"77",17-10-15,"Eibar",0,"La Coruna",0
"78",17-10-15,"Girona",1,"Villarreal",2
"79",17-10-15,"Malaga",0,"Leganes",2
"80",17-10-16,"Las Palmas",2,"Celta",5
"81",17-10-21,"Barcelona",2,"Malaga",0
"82",17-10-21,"Betis",2,"Alaves",0
"83",17-10-21,"Levante",1,"Getafe",1
"84",17-10-21,"Valencia",4,"Sevilla",0
"85",17-10-22,"Celta",0,"Ath Madrid",1
"86",17-10-22,"Leganes",1,"Ath Bilbao",0
"87",17-10-22,"Real Madrid",3,"Eibar",0
"88",17-10-22,"Villarreal",4,"Las Palmas",0
"89",17-10-23,"La Coruna",1,"Girona",2
"90",17-10-23,"Sociedad",1,"Espanol",1
"91",17-10-28,"Alaves",1,"Valencia",2
"92",17-10-28,"Ath Bilbao",0,"Barcelona",2
"93",17-10-28,"Ath Madrid",1,"Villarreal",1
"94",17-10-28,"Sevilla",2,"Leganes",1
"95",17-10-29,"Eibar",2,"Levante",2
"96",17-10-29,"Getafe",2,"Sociedad",1
"97",17-10-29,"Girona",2,"Real Madrid",1
"98",17-10-29,"Malaga",2,"Celta",1
"99",17-10-30,"Espanol",1,"Betis",0
"100",17-10-30,"Las Palmas",1,"La Coruna",3
"101",17-11-03,"Betis",2,"Getafe",2
"102",17-11-04,"Alaves",1,"Espanol",0
"103",17-11-04,"Barcelona",2,"Sevilla",1
"104",17-11-04,"La Coruna",0,"Ath Madrid",1
"105",17-11-04,"Valencia",3,"Leganes",0
"106",17-11-05,"Celta",3,"Ath Bilbao",1
"107",17-11-05,"Levante",1,"Girona",2
"108",17-11-05,"Real Madrid",3,"Las Palmas",0
"109",17-11-05,"Sociedad",3,"Eibar",1
"110",17-11-05,"Villarreal",2,"Malaga",0
"111",17-11-17,"Girona",1,"Sociedad",1
"112",17-11-18,"Ath Madrid",0,"Real Madrid",0
"113",17-11-18,"Getafe",4,"Alaves",1
"114",17-11-18,"Leganes",0,"Barcelona",3
"115",17-11-18,"Sevilla",2,"Celta",1
"116",17-11-19,"Ath Bilbao",1,"Villarreal",1
"117",17-11-19,"Espanol",0,"Valencia",2
"118",17-11-19,"Las Palmas",0,"Levante",2
"119",17-11-19,"Malaga",3,"La Coruna",2
"120",17-11-20,"Eibar",5,"Betis",0
"121",17-11-24,"Celta",1,"Leganes",0
"122",17-11-25,"Alaves",1,"Eibar",2
"123",17-11-25,"Betis",2,"Girona",2
"124",17-11-25,"Levante",0,"Ath Madrid",5
"125",17-11-25,"Real Madrid",3,"Malaga",2
"126",17-11-26,"La Coruna",2,"Ath Bilbao",2
"127",17-11-26,"Sociedad",2,"Las Palmas",2
"128",17-11-26,"Valencia",1,"Barcelona",1
"129",17-11-26,"Villarreal",2,"Sevilla",3
"130",17-11-27,"Espanol",1,"Getafe",0
"131",17-12-01,"Malaga",0,"Levante",0
"132",17-12-02,"Ath Bilbao",0,"Real Madrid",0
"133",17-12-02,"Ath Madrid",2,"Sociedad",1
"134",17-12-02,"Barcelona",2,"Celta",2
"135",17-12-02,"Sevilla",2,"La Coruna",0
"136",17-12-03,"Eibar",3,"Espanol",1
"137",17-12-03,"Getafe",1,"Valencia",0
"138",17-12-03,"Las Palmas",1,"Betis",0
"139",17-12-03,"Leganes",3,"Villarreal",1
"140",17-12-04,"Girona",2,"Alaves",3
"141",17-12-08,"Alaves",2,"Las Palmas",0
"142",17-12-09,"Getafe",0,"Eibar",0
"143",17-12-09,"La Coruna",1,"Leganes",0
"144",17-12-09,"Real Madrid",5,"Sevilla",0
"145",17-12-09,"Valencia",2,"Celta",1
"146",17-12-10,"Betis",0,"Ath Madrid",1
"147",17-12-10,"Levante",1,"Ath Bilbao",2
"148",17-12-10,"Sociedad",0,"Malaga",2
"149",17-12-10,"Villarreal",0,"Barcelona",2
"150",17-12-11,"Espanol",0,"Girona",1
"151",17-12-15,"Sevilla",0,"Levante",0
"152",17-12-16,"Ath Bilbao",0,"Sociedad",0
"153",17-12-16,"Ath Madrid",1,"Alaves",0
"154",17-12-16,"Eibar",2,"Valencia",1
"155",17-12-17,"Barcelona",4,"La Coruna",0
"156",17-12-17,"Celta",0,"Villarreal",1
"157",17-12-17,"Girona",1,"Getafe",0
"158",17-12-17,"Las Palmas",2,"Espanol",2
"159",17-12-18,"Malaga",0,"Betis",2
"160",17-12-19,"Levante",0,"Leganes",0
"161",17-12-20,"Getafe",2,"Las Palmas",0
"162",17-12-20,"Sociedad",3,"Sevilla",1
"163",17-12-21,"Alaves",1,"Malaga",0
"164",17-12-21,"Eibar",4,"Girona",1
"165",17-12-22,"Betis",0,"Ath Bilbao",2
"166",17-12-22,"Espanol",1,"Ath Madrid",0
"167",17-12-23,"La Coruna",1,"Celta",3
"168",17-12-23,"Real Madrid",0,"Barcelona",3
"169",17-12-23,"Valencia",0,"Villarreal",1
"170",18-01-06,"Ath Madrid",2,"Getafe",0
"171",18-01-06,"Las Palmas",1,"Eibar",2
"172",18-01-06,"Sevilla",3,"Betis",5
"173",18-01-06,"Valencia",2,"Girona",1
"174",18-01-07,"Ath Bilbao",2,"Alaves",0
"175",18-01-07,"Barcelona",3,"Levante",0
"176",18-01-07,"Celta",2,"Real Madrid",2
"177",18-01-07,"Leganes",1,"Sociedad",0
"178",18-01-07,"Villarreal",1,"La Coruna",1
"179",18-01-08,"Malaga",0,"Espanol",1
"180",18-01-12,"Getafe",1,"Malaga",0
"181",18-01-13,"Eibar",0,"Ath Madrid",1
"182",18-01-13,"Girona",6,"Las Palmas",0
"183",18-01-13,"La Coruna",1,"Valencia",2
"184",18-01-13,"Real Madrid",0,"Villarreal",1
"185",18-01-14,"Alaves",1,"Sevilla",0
"186",18-01-14,"Espanol",1,"Ath Bilbao",1
"187",18-01-14,"Levante",0,"Celta",1
"188",18-01-14,"Sociedad",2,"Barcelona",4
"189",18-01-15,"Betis",3,"Leganes",2
"190",18-01-19,"Getafe",2,"Ath Bilbao",2
"191",18-01-20,"Ath Madrid",1,"Girona",1
"192",18-01-20,"Espanol",0,"Sevilla",3
"193",18-01-20,"Las Palmas",2,"Valencia",1
"194",18-01-20,"Villarreal",2,"Levante",1
"195",18-01-21,"Alaves",2,"Leganes",2
"196",18-01-21,"Betis",0,"Barcelona",5
"197",18-01-21,"Real Madrid",7,"La Coruna",1
"198",18-01-21,"Sociedad",1,"Celta",2
"199",18-01-22,"Eibar",1,"Malaga",1
"200",18-01-26,"Ath Bilbao",1,"Eibar",1
"201",18-01-27,"La Coruna",2,"Levante",2
"202",18-01-27,"Malaga",0,"Girona",0
"203",18-01-27,"Valencia",1,"Real Madrid",4
"204",18-01-27,"Villarreal",4,"Sociedad",2
"205",18-01-28,"Ath Madrid",3,"Las Palmas",0
"206",18-01-28,"Barcelona",2,"Alaves",1
"207",18-01-28,"Leganes",3,"Espanol",2
"208",18-01-28,"Sevilla",1,"Getafe",1
"209",18-01-29,"Celta",3,"Betis",2
"210",18-02-02,"Sociedad",5,"La Coruna",0
"211",18-02-03,"Alaves",2,"Celta",1
"212",18-02-03,"Betis",2,"Villarreal",1
"213",18-02-03,"Eibar",5,"Sevilla",1
"214",18-02-03,"Levante",2,"Real Madrid",2
"215",18-02-04,"Ath Madrid",1,"Valencia",0
"216",18-02-04,"Espanol",1,"Barcelona",1
"217",18-02-04,"Getafe",0,"Leganes",0
"218",18-02-04,"Girona",2,"Ath Bilbao",0
"219",18-02-05,"Las Palmas",1,"Malaga",0
"220",18-02-09,"Ath Bilbao",0,"Las Palmas",0
"221",18-02-10,"Leganes",0,"Eibar",1
"222",18-02-10,"Malaga",0,"Ath Madrid",1
"223",18-02-10,"Real Madrid",5,"Sociedad",2
"224",18-02-10,"Villarreal",1,"Alaves",2
"225",18-02-11,"Barcelona",0,"Getafe",0
"226",18-02-11,"Celta",2,"Espanol",2
"227",18-02-11,"Sevilla",1,"Girona",0
"228",18-02-11,"Valencia",3,"Levante",1
"229",18-02-12,"La Coruna",0,"Betis",1
"230",18-02-16,"Girona",3,"Leganes",0
"231",18-02-17,"Alaves",1,"La Coruna",0
"232",18-02-17,"Eibar",0,"Barcelona",2
"233",18-02-17,"Las Palmas",1,"Sevilla",2
"234",18-02-17,"Malaga",1,"Valencia",2
"235",18-02-18,"Ath Madrid",2,"Ath Bilbao",0
"236",18-02-18,"Betis",3,"Real Madrid",5
"237",18-02-18,"Espanol",1,"Villarreal",1
"238",18-02-18,"Sociedad",3,"Levante",0
"239",18-02-19,"Getafe",3,"Celta",0
"240",18-02-21,"Leganes",1,"Real Madrid",3
"241",18-02-23,"La Coruna",0,"Espanol",0
"242",18-02-24,"Barcelona",6,"Girona",1
"243",18-02-24,"Celta",2,"Eibar",0
"244",18-02-24,"Leganes",0,"Las Palmas",0
"245",18-02-24,"Real Madrid",4,"Alaves",0
"246",18-02-25,"Ath Bilbao",2,"Malaga",1
"247",18-02-25,"Sevilla",2,"Ath Madrid",5
"248",18-02-25,"Valencia",2,"Sociedad",1
"249",18-02-25,"Villarreal",1,"Getafe",0
"250",18-02-26,"Levante",0,"Betis",2
"251",18-02-27,"Espanol",1,"Real Madrid",0
"252",18-02-27,"Girona",1,"Celta",0
"253",18-02-28,"Ath Bilbao",1,"Valencia",1
"254",18-02-28,"Ath Madrid",4,"Leganes",0
"255",18-02-28,"Eibar",1,"Villarreal",0
"256",18-02-28,"Getafe",3,"La Coruna",0
"257",18-02-28,"Malaga",0,"Sevilla",1
"258",18-03-01,"Alaves",1,"Levante",0
"259",18-03-01,"Betis",0,"Sociedad",0
"260",18-03-01,"Las Palmas",1,"Barcelona",1
"261",18-03-03,"La Coruna",1,"Eibar",1
"262",18-03-03,"Leganes",2,"Malaga",0
"263",18-03-03,"Real Madrid",3,"Getafe",1
"264",18-03-03,"Sevilla",2,"Ath Bilbao",0
"265",18-03-03,"Villarreal",0,"Girona",2
"266",18-03-04,"Barcelona",1,"Ath Madrid",0
"267",18-03-04,"Levante",1,"Espanol",1
"268",18-03-04,"Sociedad",2,"Alaves",1
"269",18-03-04,"Valencia",2,"Betis",0
"270",18-03-05,"Celta",2,"Las Palmas",1
"271",18-03-09,"Girona",2,"La Coruna",0
"272",18-03-10,"Eibar",1,"Real Madrid",2
"273",18-03-10,"Getafe",0,"Levante",1
"274",18-03-10,"Malaga",0,"Barcelona",2
"275",18-03-10,"Sevilla",0,"Valencia",2
"276",18-03-11,"Ath Bilbao",2,"Leganes",0
"277",18-03-11,"Ath Madrid",3,"Celta",0
"278",18-03-11,"Espanol",2,"Sociedad",1
"279",18-03-11,"Las Palmas",0,"Villarreal",2
"280",18-03-12,"Alaves",1,"Betis",3
"281",18-03-16,"Levante",2,"Eibar",1
"282",18-03-17,"Betis",3,"Espanol",0
"283",18-03-17,"La Coruna",1,"Las Palmas",1
"284",18-03-17,"Sociedad",1,"Getafe",2
"285",18-03-17,"Valencia",3,"Alaves",1
"286",18-03-18,"Barcelona",2,"Ath Bilbao",0
"287",18-03-18,"Celta",0,"Malaga",0
"288",18-03-18,"Leganes",2,"Sevilla",1
"289",18-03-18,"Real Madrid",6,"Girona",3
"290",18-03-18,"Villarreal",2,"Ath Madrid",1
"291",18-03-31,"Ath Bilbao",1,"Celta",1
"292",18-03-31,"Girona",1,"Levante",1
"293",18-03-31,"Las Palmas",0,"Real Madrid",3
"294",18-03-31,"Sevilla",2,"Barcelona",2
"295",18-04-01,"Ath Madrid",1,"La Coruna",0
"296",18-04-01,"Eibar",0,"Sociedad",0
"297",18-04-01,"Espanol",0,"Alaves",0
"298",18-04-01,"Leganes",0,"Valencia",1
"299",18-04-01,"Malaga",1,"Villarreal",0
"300",18-04-02,"Getafe",0,"Betis",1
"301",18-04-06,"La Coruna",3,"Malaga",2
"302",18-04-07,"Alaves",2,"Getafe",0
"303",18-04-07,"Barcelona",3,"Leganes",1
"304",18-04-07,"Betis",2,"Eibar",0
"305",18-04-07,"Celta",4,"Sevilla",0
"306",18-04-08,"Levante",2,"Las Palmas",1
"307",18-04-08,"Real Madrid",1,"Ath Madrid",1
"308",18-04-08,"Sociedad",5,"Girona",0
"309",18-04-08,"Valencia",1,"Espanol",0
"310",18-04-09,"Villarreal",1,"Ath Bilbao",3
"311",18-04-13,"Girona",0,"Betis",1
"312",18-04-14,"Ath Bilbao",2,"La Coruna",3
"313",18-04-14,"Barcelona",2,"Valencia",1
"314",18-04-14,"Las Palmas",0,"Sociedad",1
"315",18-04-14,"Leganes",1,"Celta",0
"316",18-04-14,"Sevilla",2,"Villarreal",2
"317",18-04-15,"Ath Madrid",3,"Levante",0
"318",18-04-15,"Eibar",0,"Alaves",1
"319",18-04-15,"Getafe",1,"Espanol",0
"320",18-04-15,"Malaga",1,"Real Madrid",2
"321",18-04-17,"Celta",2,"Barcelona",2
"322",18-04-17,"La Coruna",0,"Sevilla",0
"323",18-04-17,"Villarreal",2,"Leganes",1
"324",18-04-18,"Espanol",0,"Eibar",1
"325",18-04-18,"Real Madrid",1,"Ath Bilbao",1
"326",18-04-18,"Valencia",1,"Getafe",2
"327",18-04-19,"Alaves",1,"Girona",2
"328",18-04-19,"Betis",1,"Las Palmas",0
"329",18-04-19,"Levante",1,"Malaga",0
"330",18-04-19,"Sociedad",3,"Ath Madrid",0
"331",18-04-20,"Leganes",0,"La Coruna",0
"332",18-04-21,"Celta",1,"Valencia",1
"333",18-04-21,"Eibar",0,"Getafe",1
"334",18-04-22,"Ath Madrid",0,"Betis",0
"335",18-04-22,"Girona",0,"Espanol",2
"336",18-04-22,"Las Palmas",0,"Alaves",4
"337",18-04-22,"Malaga",2,"Sociedad",0
"338",18-04-23,"Ath Bilbao",1,"Levante",3
"339",18-04-27,"Levante",2,"Sevilla",1
"340",18-04-28,"Espanol",1,"Las Palmas",1
"341",18-04-28,"Real Madrid",2,"Leganes",1
"342",18-04-28,"Sociedad",3,"Ath Bilbao",1
"343",18-04-28,"Villarreal",4,"Celta",1
"344",18-04-29,"Alaves",0,"Ath Madrid",1
"345",18-04-29,"Getafe",1,"Girona",1
"346",18-04-29,"La Coruna",2,"Barcelona",4
"347",18-04-29,"Valencia",0,"Eibar",0
"348",18-04-30,"Betis",2,"Malaga",1
"349",18-05-04,"Sevilla",1,"Sociedad",0
"350",18-05-05,"Ath Bilbao",2,"Betis",0
"351",18-05-05,"Celta",1,"La Coruna",1
"352",18-05-05,"Girona",1,"Eibar",4
"353",18-05-05,"Villarreal",1,"Valencia",0
"354",18-05-06,"Ath Madrid",0,"Espanol",2
"355",18-05-06,"Barcelona",2,"Real Madrid",2
"356",18-05-06,"Las Palmas",0,"Getafe",1
"357",18-05-06,"Malaga",0,"Alaves",3
"358",18-05-07,"Leganes",0,"Levante",3
"359",18-05-09,"Barcelona",5,"Villarreal",1
"360",18-05-09,"Sevilla",3,"Real Madrid",2
"361",18-05-12,"Alaves",3,"Ath Bilbao",1
"362",18-05-12,"Betis",2,"Sevilla",2
"363",18-05-12,"Eibar",1,"Las Palmas",0
"364",18-05-12,"Getafe",0,"Ath Madrid",1
"365",18-05-12,"Girona",0,"Valencia",1
"366",18-05-12,"La Coruna",2,"Villarreal",4
"367",18-05-12,"Real Madrid",6,"Celta",0
"368",18-05-12,"Sociedad",3,"Leganes",2
"369",18-05-13,"Espanol",4,"Malaga",1
"370",18-05-13,"Levante",5,"Barcelona",4
"371",18-05-19,"Celta",4,"Levante",2
"372",18-05-19,"Las Palmas",1,"Girona",2
"373",18-05-19,"Leganes",3,"Betis",2
"374",18-05-19,"Malaga",0,"Getafe",1
"375",18-05-19,"Sevilla",1,"Alaves",0
"376",18-05-19,"Villarreal",2,"Real Madrid",2
"377",18-05-20,"Ath Bilbao",0,"Espanol",1
"378",18-05-20,"Ath Madrid",2,"Eibar",2
"379",18-05-20,"Barcelona",1,"Sociedad",0
"380",18-05-20,"Valencia",2,"La Coruna",1
"381",2018-08-17,"Betis",0,"Levante",3
"382",2018-08-17,"Girona",0,"Valladolid",0
"383",2018-08-18,"Barcelona",3,"Alaves",0
"384",2018-08-18,"Celta",1,"Espanol",1
"385",2018-08-18,"Villarreal",1,"Sociedad",2
"386",2018-08-19,"Eibar",1,"Huesca",2
"387",2018-08-19,"Real Madrid",2,"Getafe",0
"388",2018-08-19,"Vallecano",1,"Sevilla",4
"389",2018-08-20,"Ath Bilbao",2,"Leganes",1
"390",2018-08-20,"Valencia",1,"Ath Madrid",1
"391",2018-08-24,"Getafe",2,"Eibar",0
"392",2018-08-24,"Leganes",2,"Sociedad",2
"393",2018-08-25,"Alaves",0,"Betis",0
"394",2018-08-25,"Ath Madrid",1,"Vallecano",0
"395",2018-08-25,"Valladolid",0,"Barcelona",1
"396",2018-08-26,"Espanol",2,"Valencia",0
"397",2018-08-26,"Girona",1,"Real Madrid",4
"398",2018-08-26,"Sevilla",0,"Villarreal",0
"399",2018-08-27,"Ath Bilbao",2,"Huesca",2
"400",2018-08-27,"Levante",1,"Celta",2
"401",2018-08-31,"Eibar",2,"Sociedad",1
"402",2018-08-31,"Getafe",0,"Valladolid",0
"403",2018-08-31,"Villarreal",0,"Girona",1
"404",2018-09-01,"Celta",2,"Ath Madrid",0
"405",2018-09-01,"Real Madrid",4,"Leganes",1
"406",2018-09-02,"Alaves",2,"Espanol",1
"407",2018-09-02,"Barcelona",8,"Huesca",2
"408",2018-09-02,"Betis",1,"Sevilla",0
"409",2018-09-02,"Levante",2,"Valencia",2
"410",2018-09-14,"Huesca",0,"Vallecano",1
"411",2018-09-15,"Ath Bilbao",1,"Real Madrid",1
"412",2018-09-15,"Ath Madrid",1,"Eibar",1
"413",2018-09-15,"Sociedad",1,"Barcelona",2
"414",2018-09-15,"Valencia",0,"Betis",0
"415",2018-09-16,"Espanol",1,"Levante",0
"416",2018-09-16,"Leganes",0,"Villarreal",1
"417",2018-09-16,"Sevilla",0,"Getafe",2
"418",2018-09-16,"Valladolid",0,"Alaves",1
"419",2018-09-17,"Girona",3,"Celta",2
"420",2018-09-21,"Huesca",0,"Sociedad",1
"421",2018-09-22,"Celta",3,"Valladolid",3
"422",2018-09-22,"Eibar",1,"Leganes",0
"423",2018-09-22,"Getafe",0,"Ath Madrid",2
"424",2018-09-22,"Real Madrid",1,"Espanol",0
"425",2018-09-22,"Vallecano",1,"Alaves",5
"426",2018-09-23,"Barcelona",2,"Girona",2
"427",2018-09-23,"Betis",2,"Ath Bilbao",2
"428",2018-09-23,"Levante",2,"Sevilla",6
"429",2018-09-23,"Villarreal",0,"Valencia",0
"430",2018-09-25,"Ath Madrid",3,"Huesca",0
"431",2018-09-25,"Espanol",1,"Eibar",0
"432",2018-09-25,"Sociedad",2,"Vallecano",2
"433",2018-09-26,"Ath Bilbao",0,"Villarreal",3
"434",2018-09-26,"Leganes",2,"Barcelona",1
"435",2018-09-26,"Sevilla",3,"Real Madrid",0
"436",2018-09-26,"Valencia",1,"Celta",1
"437",2018-09-27,"Alaves",1,"Getafe",1
"438",2018-09-27,"Girona",0,"Betis",1
"439",2018-09-27,"Valladolid",2,"Levante",1
"440",2018-09-28,"Vallecano",2,"Espanol",2
"441",2018-09-29,"Barcelona",1,"Ath Bilbao",1
"442",2018-09-29,"Eibar",1,"Sevilla",3
"443",2018-09-29,"Real Madrid",0,"Ath Madrid",0
"444",2018-09-29,"Sociedad",0,"Valencia",1
"445",2018-09-30,"Betis",1,"Leganes",0
"446",2018-09-30,"Huesca",1,"Girona",1
"447",2018-09-30,"Levante",2,"Alaves",1
"448",2018-09-30,"Villarreal",0,"Valladolid",1
"449",2018-10-01,"Celta",1,"Getafe",1
"450",2018-10-05,"Ath Bilbao",1,"Sociedad",3
"451",2018-10-06,"Alaves",1,"Real Madrid",0
"452",2018-10-06,"Getafe",0,"Levante",1
"453",2018-10-06,"Girona",2,"Eibar",3
"454",2018-10-06,"Leganes",1,"Vallecano",0
"455",2018-10-07,"Ath Madrid",1,"Betis",0
"456",2018-10-07,"Espanol",3,"Villarreal",1
"457",2018-10-07,"Sevilla",2,"Celta",1
"458",2018-10-07,"Valencia",1,"Barcelona",1
"459",2018-10-07,"Valladolid",1,"Huesca",0
"460",2018-10-19,"Celta",0,"Alaves",1
"461",2018-10-20,"Barcelona",4,"Sevilla",2
"462",2018-10-20,"Real Madrid",1,"Levante",2
"463",2018-10-20,"Valencia",1,"Leganes",1
"464",2018-10-20,"Villarreal",1,"Ath Madrid",1
"465",2018-10-21,"Betis",0,"Valladolid",1
"466",2018-10-21,"Eibar",1,"Ath Bilbao",1
"467",2018-10-21,"Huesca",0,"Espanol",2
"468",2018-10-21,"Vallecano",1,"Getafe",2
"469",2018-10-22,"Sociedad",0,"Girona",0
"470",2018-10-24,"Vallecano",1,"Ath Bilbao",1
"471",2018-10-26,"Valladolid",1,"Espanol",1
"472",2018-10-27,"Ath Bilbao",0,"Valencia",0
"473",2018-10-27,"Ath Madrid",2,"Sociedad",0
"474",2018-10-27,"Celta",4,"Eibar",0
"475",2018-10-27,"Girona",2,"Vallecano",1
"476",2018-10-27,"Levante",2,"Leganes",0
"477",2018-10-28,"Alaves",2,"Villarreal",1
"478",2018-10-28,"Barcelona",5,"Real Madrid",1
"479",2018-10-28,"Getafe",2,"Betis",0
"480",2018-10-28,"Sevilla",2,"Huesca",1
"481",2018-11-03,"Leganes",1,"Ath Madrid",1
"482",2018-11-03,"Real Madrid",2,"Valladolid",0
"483",2018-11-03,"Valencia",0,"Girona",1
"484",2018-11-03,"Vallecano",2,"Barcelona",3
"485",2018-11-04,"Betis",3,"Celta",3
"486",2018-11-04,"Eibar",2,"Alaves",1
"487",2018-11-04,"Huesca",1,"Getafe",1
"488",2018-11-04,"Sociedad",0,"Sevilla",0
"489",2018-11-04,"Villarreal",1,"Levante",1
"490",2018-11-05,"Espanol",1,"Ath Bilbao",0
"491",2018-11-09,"Levante",1,"Sociedad",3
"492",2018-11-10,"Ath Madrid",3,"Ath Bilbao",2
"493",2018-11-10,"Getafe",0,"Valencia",1
"494",2018-11-10,"Girona",0,"Leganes",0
"495",2018-11-10,"Valladolid",0,"Eibar",0
"496",2018-11-11,"Alaves",2,"Huesca",1
"497",2018-11-11,"Barcelona",3,"Betis",4
"498",2018-11-11,"Celta",2,"Real Madrid",4
"499",2018-11-11,"Sevilla",2,"Espanol",1
"500",2018-11-11,"Vallecano",2,"Villarreal",2
"501",2018-11-23,"Leganes",1,"Alaves",0
"502",2018-11-24,"Ath Madrid",1,"Barcelona",1
"503",2018-11-24,"Eibar",3,"Real Madrid",0
"504",2018-11-24,"Huesca",2,"Levante",2
"505",2018-11-24,"Valencia",3,"Vallecano",0
"506",2018-11-25,"Ath Bilbao",1,"Getafe",1
"507",2018-11-25,"Espanol",1,"Girona",3
"508",2018-11-25,"Sevilla",1,"Valladolid",0
"509",2018-11-25,"Villarreal",2,"Betis",1
"510",2018-11-26,"Sociedad",2,"Celta",1
"511",2018-11-30,"Vallecano",1,"Eibar",0
"512",2018-12-01,"Celta",2,"Huesca",0
"513",2018-12-01,"Getafe",3,"Espanol",0
"514",2018-12-01,"Real Madrid",2,"Valencia",0
"515",2018-12-01,"Valladolid",2,"Leganes",4
"516",2018-12-02,"Alaves",1,"Sevilla",1
"517",2018-12-02,"Barcelona",2,"Villarreal",0
"518",2018-12-02,"Betis",1,"Sociedad",0
"519",2018-12-02,"Girona",1,"Ath Madrid",1
"520",2018-12-03,"Levante",3,"Ath Bilbao",0
"521",2018-12-07,"Leganes",1,"Getafe",1
"522",2018-12-08,"Ath Madrid",3,"Alaves",0
"523",2018-12-08,"Espanol",0,"Barcelona",4
"524",2018-12-08,"Valencia",1,"Sevilla",1
"525",2018-12-08,"Villarreal",2,"Celta",3
"526",2018-12-09,"Betis",2,"Vallecano",0
"527",2018-12-09,"Eibar",4,"Levante",4
"528",2018-12-09,"Huesca",0,"Real Madrid",1
"529",2018-12-09,"Sociedad",1,"Valladolid",2
"530",2018-12-10,"Ath Bilbao",1,"Girona",0
"531",2018-12-14,"Celta",0,"Leganes",0
"532",2018-12-15,"Eibar",1,"Valencia",1
"533",2018-12-15,"Getafe",1,"Sociedad",0
"534",2018-12-15,"Real Madrid",1,"Vallecano",0
"535",2018-12-15,"Valladolid",2,"Ath Madrid",3
"536",2018-12-16,"Espanol",1,"Betis",3
"537",2018-12-16,"Huesca",2,"Villarreal",2
"538",2018-12-16,"Levante",0,"Barcelona",5
"539",2018-12-16,"Sevilla",2,"Girona",0
"540",2018-12-17,"Alaves",0,"Ath Bilbao",0
"541",2018-12-21,"Girona",1,"Getafe",1
"542",2018-12-21,"Sociedad",0,"Alaves",1
"543",2018-12-22,"Ath Bilbao",1,"Valladolid",1
"544",2018-12-22,"Ath Madrid",1,"Espanol",0
"545",2018-12-22,"Barcelona",2,"Celta",0
"546",2018-12-22,"Betis",1,"Eibar",1
"547",2018-12-23,"Leganes",1,"Sevilla",1
"548",2018-12-23,"Valencia",2,"Huesca",1
"549",2018-12-23,"Vallecano",2,"Levante",1
"550",2019-01-03,"Villarreal",2,"Real Madrid",2
"551",2019-01-04,"Espanol",1,"Leganes",0
"552",2019-01-04,"Levante",2,"Girona",2
"553",2019-01-05,"Alaves",2,"Valencia",1
"554",2019-01-05,"Huesca",2,"Betis",1
"555",2019-01-05,"Valladolid",0,"Vallecano",1
"556",2019-01-06,"Eibar",0,"Villarreal",0
"557",2019-01-06,"Getafe",1,"Barcelona",2
"558",2019-01-06,"Real Madrid",0,"Sociedad",2
"559",2019-01-06,"Sevilla",1,"Ath Madrid",1
"560",2019-01-07,"Celta",1,"Ath Bilbao",2
"561",2019-01-11,"Vallecano",4,"Celta",2
"562",2019-01-12,"Girona",1,"Alaves",1
"563",2019-01-12,"Leganes",1,"Huesca",0
"564",2019-01-12,"Valencia",1,"Valladolid",1
"565",2019-01-12,"Villarreal",1,"Getafe",2
"566",2019-01-13,"Ath Bilbao",2,"Sevilla",0
"567",2019-01-13,"Ath Madrid",1,"Levante",0
"568",2019-01-13,"Barcelona",3,"Eibar",0
"569",2019-01-13,"Betis",1,"Real Madrid",2
"570",2019-01-14,"Sociedad",3,"Espanol",2
"571",2019-01-18,"Getafe",4,"Alaves",0
"572",2019-01-19,"Celta",1,"Valencia",2
"573",2019-01-19,"Huesca",0,"Ath Madrid",3
"574",2019-01-19,"Real Madrid",2,"Sevilla",0
"575",2019-01-20,"Barcelona",3,"Leganes",1
"576",2019-01-20,"Betis",3,"Girona",2
"577",2019-01-20,"Levante",2,"Valladolid",0
"578",2019-01-20,"Vallecano",2,"Sociedad",2
"579",2019-01-20,"Villarreal",1,"Ath Bilbao",1
"580",2019-01-21,"Eibar",3,"Espanol",0
"581",2019-01-26,"Ath Madrid",2,"Getafe",0
"582",2019-01-26,"Leganes",2,"Eibar",2
"583",2019-01-26,"Sevilla",5,"Levante",0
"584",2019-01-26,"Valencia",3,"Villarreal",0
"585",2019-01-27,"Ath Bilbao",1,"Betis",0
"586",2019-01-27,"Espanol",2,"Real Madrid",4
"587",2019-01-27,"Girona",0,"Barcelona",2
"588",2019-01-27,"Sociedad",0,"Huesca",0
"589",2019-01-27,"Valladolid",2,"Celta",1
"590",2019-01-28,"Alaves",0,"Vallecano",1
"591",2019-02-01,"Huesca",4,"Valladolid",0
"592",2019-02-02,"Barcelona",2,"Valencia",2
"593",2019-02-02,"Celta",1,"Sevilla",0
"594",2019-02-02,"Levante",0,"Getafe",0
"595",2019-02-02,"Sociedad",2,"Ath Bilbao",1
"596",2019-02-03,"Betis",1,"Ath Madrid",0
"597",2019-02-03,"Eibar",3,"Girona",0
"598",2019-02-03,"Real Madrid",3,"Alaves",0
"599",2019-02-03,"Villarreal",2,"Espanol",2
"600",2019-02-04,"Vallecano",1,"Leganes",2
"601",2019-02-08,"Valladolid",0,"Villarreal",0
"602",2019-02-09,"Ath Madrid",1,"Real Madrid",3
"603",2019-02-09,"Espanol",2,"Vallecano",1
"604",2019-02-09,"Getafe",3,"Celta",1
"605",2019-02-09,"Girona",0,"Huesca",2
"606",2019-02-10,"Ath Bilbao",0,"Barcelona",0
"607",2019-02-10,"Leganes",3,"Betis",0
"608",2019-02-10,"Sevilla",2,"Eibar",2
"609",2019-02-10,"Valencia",0,"Sociedad",0
"610",2019-02-11,"Alaves",2,"Levante",0
"611",2019-02-15,"Eibar",2,"Getafe",2
"612",2019-02-16,"Barcelona",1,"Valladolid",0
"613",2019-02-16,"Celta",1,"Levante",4
"614",2019-02-16,"Sociedad",3,"Leganes",0
"615",2019-02-16,"Vallecano",0,"Ath Madrid",1
"616",2019-02-17,"Betis",1,"Alaves",1
"617",2019-02-17,"Real Madrid",1,"Girona",2
"618",2019-02-17,"Valencia",0,"Espanol",0
"619",2019-02-17,"Villarreal",3,"Sevilla",0
"620",2019-02-18,"Huesca",0,"Ath Bilbao",1
"621",2019-02-22,"Espanol",1,"Huesca",1
"622",2019-02-23,"Alaves",0,"Celta",0
"623",2019-02-23,"Ath Bilbao",1,"Eibar",0
"624",2019-02-23,"Getafe",2,"Vallecano",1
"625",2019-02-23,"Sevilla",2,"Barcelona",4
"626",2019-02-24,"Ath Madrid",2,"Villarreal",0
"627",2019-02-24,"Leganes",1,"Valencia",1
"628",2019-02-24,"Levante",1,"Real Madrid",2
"629",2019-02-24,"Valladolid",0,"Betis",2
"630",2019-02-25,"Girona",0,"Sociedad",0
"631",2019-03-01,"Vallecano",0,"Girona",2
"632",2019-03-02,"Espanol",3,"Valladolid",1
"633",2019-03-02,"Huesca",2,"Sevilla",1
"634",2019-03-02,"Real Madrid",0,"Barcelona",1
"635",2019-03-02,"Villarreal",1,"Alaves",2
"636",2019-03-03,"Betis",1,"Getafe",2
"637",2019-03-03,"Eibar",1,"Celta",0
"638",2019-03-03,"Sociedad",0,"Ath Madrid",2
"639",2019-03-03,"Valencia",2,"Ath Bilbao",0
"640",2019-03-04,"Leganes",1,"Levante",0
"641",2019-03-08,"Ath Bilbao",1,"Espanol",1
"642",2019-03-09,"Alaves",1,"Eibar",1
"643",2019-03-09,"Ath Madrid",1,"Leganes",0
"644",2019-03-09,"Barcelona",3,"Vallecano",1
"645",2019-03-09,"Getafe",2,"Huesca",1
"646",2019-03-10,"Celta",0,"Betis",1
"647",2019-03-10,"Girona",2,"Valencia",3
"648",2019-03-10,"Levante",0,"Villarreal",2
"649",2019-03-10,"Sevilla",5,"Sociedad",2
"650",2019-03-10,"Valladolid",1,"Real Madrid",4
"651",2019-03-15,"Sociedad",1,"Levante",1
"652",2019-03-16,"Ath Bilbao",2,"Ath Madrid",0
"653",2019-03-16,"Huesca",1,"Alaves",3
"654",2019-03-16,"Leganes",0,"Girona",2
"655",2019-03-16,"Real Madrid",2,"Celta",0
"656",2019-03-17,"Betis",1,"Barcelona",4
"657",2019-03-17,"Eibar",1,"Valladolid",2
"658",2019-03-17,"Espanol",0,"Sevilla",1
"659",2019-03-17,"Valencia",0,"Getafe",0
"660",2019-03-17,"Villarreal",3,"Vallecano",1
"661",2019-03-29,"Girona",1,"Ath Bilbao",2
"662",2019-03-30,"Alaves",0,"Ath Madrid",4
"663",2019-03-30,"Barcelona",2,"Espanol",0
"664",2019-03-30,"Celta",3,"Villarreal",2
"665",2019-03-30,"Getafe",0,"Leganes",2
"666",2019-03-31,"Levante",2,"Eibar",2
"667",2019-03-31,"Real Madrid",3,"Huesca",2
"668",2019-03-31,"Sevilla",0,"Valencia",1
"669",2019-03-31,"Valladolid",1,"Sociedad",1
"670",2019-03-31,"Vallecano",1,"Betis",1
"671",2019-04-02,"Ath Madrid",2,"Girona",0
"672",2019-04-02,"Espanol",1,"Getafe",1
"673",2019-04-02,"Villarreal",4,"Barcelona",4
"674",2019-04-03,"Ath Bilbao",3,"Levante",2
"675",2019-04-03,"Eibar",2,"Vallecano",1
"676",2019-04-03,"Huesca",3,"Celta",3
"677",2019-04-03,"Valencia",2,"Real Madrid",1
"678",2019-04-04,"Leganes",1,"Valladolid",0
"679",2019-04-04,"Sevilla",2,"Alaves",0
"680",2019-04-04,"Sociedad",2,"Betis",1
"681",2019-04-06,"Barcelona",2,"Ath Madrid",0
"682",2019-04-06,"Girona",1,"Espanol",2
"683",2019-04-06,"Real Madrid",2,"Eibar",1
"684",2019-04-06,"Vallecano",2,"Valencia",0
"685",2019-04-07,"Alaves",1,"Leganes",1
"686",2019-04-07,"Betis",2,"Villarreal",1
"687",2019-04-07,"Celta",3,"Sociedad",1
"688",2019-04-07,"Getafe",1,"Ath Bilbao",0
"689",2019-04-07,"Levante",2,"Huesca",2
"690",2019-04-07,"Valladolid",0,"Sevilla",2
"691",2019-04-13,"Ath Madrid",2,"Celta",0
"692",2019-04-13,"Espanol",2,"Alaves",1
"693",2019-04-13,"Huesca",0,"Barcelona",0
"694",2019-04-13,"Sevilla",3,"Betis",2
"695",2019-04-14,"Ath Bilbao",3,"Vallecano",2
"696",2019-04-14,"Girona",0,"Villarreal",1
"697",2019-04-14,"Sociedad",1,"Eibar",1
"698",2019-04-14,"Valencia",3,"Levante",1
"699",2019-04-14,"Valladolid",2,"Getafe",2
"700",2019-04-15,"Leganes",1,"Real Madrid",1
"701",2019-04-19,"Alaves",2,"Valladolid",2
"702",2019-04-20,"Barcelona",2,"Sociedad",1
"703",2019-04-20,"Celta",2,"Girona",1
"704",2019-04-20,"Eibar",0,"Ath Madrid",1
"705",2019-04-20,"Vallecano",0,"Huesca",0
"706",2019-04-21,"Betis",1,"Valencia",2
"707",2019-04-21,"Getafe",3,"Sevilla",0
"708",2019-04-21,"Levante",2,"Espanol",2
"709",2019-04-21,"Real Madrid",3,"Ath Bilbao",0
"710",2019-04-21,"Villarreal",2,"Leganes",1
"711",2019-04-23,"Alaves",0,"Barcelona",2
"712",2019-04-23,"Huesca",2,"Eibar",0
"713",2019-04-23,"Valladolid",1,"Girona",0
"714",2019-04-24,"Ath Madrid",3,"Valencia",2
"715",2019-04-24,"Espanol",1,"Celta",1
"716",2019-04-24,"Leganes",0,"Ath Bilbao",1
"717",2019-04-24,"Levante",4,"Betis",0
"718",2019-04-25,"Getafe",0,"Real Madrid",0
"719",2019-04-25,"Sevilla",5,"Vallecano",0
"720",2019-04-25,"Sociedad",0,"Villarreal",1
"721",2019-04-27,"Ath Bilbao",1,"Alaves",1
"722",2019-04-27,"Ath Madrid",1,"Valladolid",0
"723",2019-04-27,"Barcelona",1,"Levante",0
"724",2019-04-27,"Leganes",0,"Celta",0
"725",2019-04-28,"Girona",1,"Sevilla",0
"726",2019-04-28,"Sociedad",2,"Getafe",1
"727",2019-04-28,"Valencia",0,"Eibar",1
"728",2019-04-28,"Vallecano",1,"Real Madrid",0
"729",2019-04-28,"Villarreal",1,"Huesca",1
"730",2019-04-29,"Betis",1,"Espanol",1
"731",2019-05-03,"Sevilla",0,"Leganes",3
"732",2019-05-04,"Alaves",0,"Sociedad",1
"733",2019-05-04,"Celta",2,"Barcelona",0
"734",2019-05-04,"Espanol",3,"Ath Madrid",0
"735",2019-05-04,"Levante",4,"Vallecano",1
"736",2019-05-05,"Eibar",1,"Betis",0
"737",2019-05-05,"Getafe",2,"Girona",0
"738",2019-05-05,"Huesca",2,"Valencia",6
"739",2019-05-05,"Real Madrid",3,"Villarreal",2
"740",2019-05-05,"Valladolid",1,"Ath Bilbao",0
"741",2019-05-12,"Ath Bilbao",3,"Celta",1
"742",2019-05-12,"Ath Madrid",1,"Sevilla",1
"743",2019-05-12,"Barcelona",2,"Getafe",0
"744",2019-05-12,"Betis",2,"Huesca",1
"745",2019-05-12,"Girona",1,"Levante",2
"746",2019-05-12,"Leganes",0,"Espanol",2
"747",2019-05-12,"Sociedad",3,"Real Madrid",1
"748",2019-05-12,"Valencia",3,"Alaves",1
"749",2019-05-12,"Vallecano",1,"Valladolid",2
"750",2019-05-12,"Villarreal",1,"Eibar",0
"751",2019-05-18,"Alaves",2,"Girona",1
"752",2019-05-18,"Celta",2,"Vallecano",2
"753",2019-05-18,"Espanol",2,"Sociedad",0
"754",2019-05-18,"Getafe",2,"Villarreal",2
"755",2019-05-18,"Huesca",2,"Leganes",1
"756",2019-05-18,"Levante",2,"Ath Madrid",2
"757",2019-05-18,"Sevilla",2,"Ath Bilbao",0
"758",2019-05-18,"Valladolid",0,"Valencia",2
"759",2019-05-19,"Eibar",2,"Barcelona",2
"760",2019-05-19,"Real Madrid",0,"Betis",2
"761",2019-08-16,"Ath Bilbao",1,"Barcelona",0
"762",2019-08-17,"Celta",1,"Real Madrid",3
"763",2019-08-17,"Valencia",1,"Sociedad",1
"764",2019-08-17,"Mallorca",2,"Eibar",1
"765",2019-08-17,"Leganes",0,"Osasuna",1
"766",2019-08-17,"Villarreal",4,"Granada",4
"767",2019-08-18,"Alaves",1,"Levante",0
"768",2019-08-18,"Espanol",0,"Sevilla",2
"769",2019-08-18,"Betis",1,"Valladolid",2
"770",2019-08-18,"Ath Madrid",1,"Getafe",0
"771",2019-08-23,"Granada",0,"Sevilla",1
"772",2019-08-23,"Levante",2,"Villarreal",1
"773",2019-08-24,"Osasuna",0,"Eibar",0
"774",2019-08-24,"Real Madrid",1,"Valladolid",1
"775",2019-08-24,"Celta",1,"Valencia",0
"776",2019-08-24,"Getafe",1,"Ath Bilbao",1
"777",2019-08-25,"Alaves",0,"Espanol",0
"778",2019-08-25,"Mallorca",0,"Sociedad",1
"779",2019-08-25,"Leganes",0,"Ath Madrid",1
"780",2019-08-25,"Barcelona",5,"Betis",2
"781",2019-08-30,"Sevilla",1,"Celta",1
"782",2019-08-30,"Ath Bilbao",2,"Sociedad",0
"783",2019-08-31,"Osasuna",2,"Barcelona",2
"784",2019-08-31,"Getafe",1,"Alaves",1
"785",2019-08-31,"Levante",2,"Valladolid",0
"786",2019-08-31,"Betis",2,"Leganes",1
"787",2019-09-01,"Valencia",2,"Mallorca",0
"788",2019-09-01,"Ath Madrid",3,"Eibar",2
"789",2019-09-01,"Espanol",0,"Granada",3
"790",2019-09-01,"Villarreal",2,"Real Madrid",2
"791",2019-09-13,"Mallorca",0,"Ath Bilbao",0
"792",2019-09-14,"Real Madrid",3,"Levante",2
"793",2019-09-14,"Leganes",0,"Villarreal",3
"794",2019-09-14,"Sociedad",2,"Ath Madrid",0
"795",2019-09-14,"Barcelona",5,"Valencia",2
"796",2019-09-15,"Eibar",1,"Espanol",2
"797",2019-09-15,"Alaves",0,"Sevilla",1
"798",2019-09-15,"Celta",0,"Granada",2
"799",2019-09-15,"Valladolid",1,"Osasuna",1
"800",2019-09-15,"Betis",1,"Getafe",1
"801",2019-09-20,"Osasuna",0,"Betis",0
"802",2019-09-21,"Villarreal",2,"Valladolid",0
"803",2019-09-21,"Levante",0,"Eibar",0
"804",2019-09-21,"Ath Madrid",0,"Celta",0
"805",2019-09-21,"Granada",2,"Barcelona",0
"806",2019-09-22,"Getafe",4,"Mallorca",2
"807",2019-09-22,"Espanol",1,"Sociedad",3
"808",2019-09-22,"Valencia",1,"Leganes",1
"809",2019-09-22,"Ath Bilbao",2,"Alaves",0
"810",2019-09-22,"Sevilla",0,"Real Madrid",1
"811",2019-09-24,"Valladolid",1,"Granada",1
"812",2019-09-24,"Betis",3,"Levante",1
"813",2019-09-24,"Barcelona",2,"Villarreal",1
"814",2019-09-25,"Leganes",1,"Ath Bilbao",1
"815",2019-09-25,"Mallorca",0,"Ath Madrid",2
"816",2019-09-25,"Valencia",3,"Getafe",3
"817",2019-09-25,"Real Madrid",2,"Osasuna",0
"818",2019-09-26,"Eibar",3,"Sevilla",2
"819",2019-09-26,"Celta",1,"Espanol",1
"820",2019-09-26,"Sociedad",3,"Alaves",0
"821",2019-09-27,"Villarreal",5,"Betis",1
"822",2019-09-28,"Ath Bilbao",0,"Valencia",1
"823",2019-09-28,"Getafe",0,"Barcelona",2
"824",2019-09-28,"Granada",1,"Leganes",0
"825",2019-09-28,"Ath Madrid",0,"Real Madrid",0
"826",2019-09-29,"Espanol",0,"Valladolid",2
"827",2019-09-29,"Eibar",2,"Celta",0
"828",2019-09-29,"Alaves",2,"Mallorca",0
"829",2019-09-29,"Levante",1,"Osasuna",1
"830",2019-09-29,"Sevilla",3,"Sociedad",2
"831",2019-10-04,"Betis",1,"Eibar",1
"832",2019-10-05,"Leganes",1,"Levante",2
"833",2019-10-05,"Real Madrid",4,"Granada",2
"834",2019-10-05,"Valencia",2,"Alaves",1
"835",2019-10-05,"Osasuna",2,"Villarreal",1
"836",2019-10-06,"Mallorca",2,"Espanol",0
"837",2019-10-06,"Celta",1,"Ath Bilbao",0
"838",2019-10-06,"Valladolid",0,"Ath Madrid",0
"839",2019-10-06,"Sociedad",1,"Getafe",2
"840",2019-10-06,"Barcelona",4,"Sevilla",0
"841",2019-10-18,"Granada",1,"Osasuna",0
"842",2019-10-19,"Eibar",0,"Barcelona",3
"843",2019-10-19,"Ath Madrid",1,"Valencia",1
"844",2019-10-19,"Getafe",2,"Leganes",0
"845",2019-10-19,"Mallorca",1,"Real Madrid",0
"846",2019-10-20,"Alaves",2,"Celta",0
"847",2019-10-20,"Sociedad",3,"Betis",1
"848",2019-10-20,"Espanol",0,"Villarreal",1
"849",2019-10-20,"Ath Bilbao",1,"Valladolid",1
"850",2019-10-20,"Sevilla",1,"Levante",0
"851",2019-10-25,"Villarreal",4,"Alaves",1
"852",2019-10-26,"Leganes",1,"Mallorca",0
"853",2019-10-26,"Valladolid",2,"Eibar",0
"854",2019-10-26,"Ath Madrid",2,"Ath Bilbao",0
"855",2019-10-27,"Celta",0,"Sociedad",1
"856",2019-10-27,"Granada",1,"Betis",0
"857",2019-10-27,"Levante",0,"Espanol",1
"858",2019-10-27,"Sevilla",2,"Getafe",0
"859",2019-10-27,"Osasuna",3,"Valencia",1
"860",2019-10-29,"Alaves",1,"Ath Madrid",1
"861",2019-10-29,"Barcelona",5,"Valladolid",1
"862",2019-10-30,"Sociedad",1,"Levante",2
"863",2019-10-30,"Valencia",1,"Sevilla",1
"864",2019-10-30,"Ath Bilbao",3,"Espanol",0
"865",2019-10-30,"Betis",2,"Celta",1
"866",2019-10-30,"Real Madrid",5,"Leganes",0
"867",2019-10-31,"Eibar",2,"Villarreal",1
"868",2019-10-31,"Mallorca",2,"Osasuna",2
"869",2019-10-31,"Getafe",3,"Granada",1
"870",2019-11-02,"Espanol",1,"Valencia",2
"871",2019-11-02,"Levante",3,"Barcelona",1
"872",2019-11-02,"Sevilla",1,"Ath Madrid",1
"873",2019-11-02,"Real Madrid",0,"Betis",0
"874",2019-11-03,"Valladolid",3,"Mallorca",0
"875",2019-11-03,"Villarreal",0,"Ath Bilbao",0
"876",2019-11-03,"Osasuna",4,"Alaves",2
"877",2019-11-03,"Celta",0,"Getafe",1
"878",2019-11-03,"Leganes",1,"Eibar",2
"879",2019-11-03,"Granada",1,"Sociedad",2
"880",2019-11-08,"Sociedad",1,"Leganes",1
"881",2019-11-09,"Alaves",3,"Valladolid",0
"882",2019-11-09,"Valencia",2,"Granada",0
"883",2019-11-09,"Eibar",0,"Real Madrid",4
"884",2019-11-09,"Barcelona",4,"Celta",1
"885",2019-11-10,"Mallorca",3,"Villarreal",1
"886",2019-11-10,"Ath Bilbao",2,"Levante",1
"887",2019-11-10,"Ath Madrid",3,"Espanol",1
"888",2019-11-10,"Getafe",0,"Osasuna",0
"889",2019-11-10,"Betis",1,"Sevilla",2
"890",2019-11-22,"Levante",2,"Mallorca",1
"891",2019-11-23,"Leganes",1,"Barcelona",2
"892",2019-11-23,"Betis",2,"Valencia",1
"893",2019-11-23,"Granada",1,"Ath Madrid",1
"894",2019-11-23,"Real Madrid",3,"Sociedad",1
"895",2019-11-24,"Espanol",1,"Getafe",1
"896",2019-11-24,"Osasuna",1,"Ath Bilbao",2
"897",2019-11-24,"Eibar",0,"Alaves",2
"898",2019-11-24,"Villarreal",1,"Celta",3
"899",2019-11-24,"Valladolid",0,"Sevilla",1
"900",2019-11-29,"Celta",0,"Valladolid",0
"901",2019-11-30,"Alaves",1,"Real Madrid",2
"902",2019-11-30,"Sociedad",4,"Eibar",1
"903",2019-11-30,"Mallorca",1,"Betis",2
"904",2019-11-30,"Valencia",2,"Villarreal",1
"905",2019-12-01,"Sevilla",1,"Leganes",0
"906",2019-12-01,"Ath Bilbao",2,"Granada",0
"907",2019-12-01,"Espanol",2,"Osasuna",4
"908",2019-12-01,"Getafe",4,"Levante",0
"909",2019-12-01,"Ath Madrid",0,"Barcelona",1
"910",2019-12-06,"Villarreal",0,"Ath Madrid",0
"911",2019-12-07,"Real Madrid",2,"Espanol",0
"912",2019-12-07,"Granada",3,"Alaves",0
"913",2019-12-07,"Levante",2,"Valencia",4
"914",2019-12-07,"Barcelona",5,"Mallorca",2
"915",2019-12-08,"Eibar",0,"Getafe",1
"916",2019-12-08,"Betis",3,"Ath Bilbao",2
"917",2019-12-08,"Valladolid",0,"Sociedad",0
"918",2019-12-08,"Leganes",3,"Celta",2
"919",2019-12-08,"Osasuna",1,"Sevilla",1
"920",2019-12-13,"Alaves",1,"Leganes",1
"921",2019-12-14,"Granada",1,"Levante",2
"922",2019-12-14,"Sociedad",2,"Barcelona",2
"923",2019-12-14,"Ath Bilbao",0,"Eibar",0
"924",2019-12-14,"Ath Madrid",2,"Osasuna",0
"925",2019-12-15,"Getafe",2,"Valladolid",0
"926",2019-12-15,"Celta",2,"Mallorca",2
"927",2019-12-15,"Espanol",2,"Betis",2
"928",2019-12-15,"Sevilla",1,"Villarreal",2
"929",2019-12-15,"Valencia",1,"Real Madrid",1
"930",2019-12-18,"Barcelona",0,"Real Madrid",0
"931",2019-12-20,"Eibar",3,"Granada",0
"932",2019-12-21,"Mallorca",0,"Sevilla",2
"933",2019-12-21,"Barcelona",4,"Alaves",1
"934",2019-12-21,"Villarreal",1,"Getafe",0
"935",2019-12-21,"Valladolid",1,"Valencia",1
"936",2019-12-22,"Leganes",2,"Espanol",0
"937",2019-12-22,"Osasuna",3,"Sociedad",4
"938",2019-12-22,"Betis",1,"Ath Madrid",2
"939",2019-12-22,"Levante",3,"Celta",1
"940",2019-12-22,"Real Madrid",0,"Ath Bilbao",0
"941",2020-01-03,"Valladolid",2,"Leganes",2
"942",2020-01-03,"Sevilla",1,"Ath Bilbao",1
"943",2020-01-04,"Valencia",1,"Eibar",0
"944",2020-01-04,"Getafe",0,"Real Madrid",3
"945",2020-01-04,"Ath Madrid",2,"Levante",1
"946",2020-01-04,"Espanol",2,"Barcelona",2
"947",2020-01-05,"Granada",1,"Mallorca",0
"948",2020-01-05,"Sociedad",1,"Villarreal",2
"949",2020-01-05,"Alaves",1,"Betis",1
"950",2020-01-05,"Celta",1,"Osasuna",1
"951",2020-01-17,"Leganes",0,"Getafe",3
"952",2020-01-18,"Levante",0,"Alaves",1
"953",2020-01-18,"Real Madrid",2,"Sevilla",1
"954",2020-01-18,"Osasuna",0,"Valladolid",0
"955",2020-01-18,"Eibar",2,"Ath Madrid",0
"956",2020-01-19,"Mallorca",4,"Valencia",1
"957",2020-01-19,"Betis",3,"Sociedad",0
"958",2020-01-19,"Villarreal",1,"Espanol",2
"959",2020-01-19,"Ath Bilbao",1,"Celta",1
"960",2020-01-19,"Barcelona",1,"Granada",0
"961",2020-01-24,"Osasuna",2,"Levante",0
"962",2020-01-25,"Espanol",1,"Ath Bilbao",1
"963",2020-01-25,"Valencia",2,"Barcelona",0
"964",2020-01-25,"Alaves",1,"Villarreal",2
"965",2020-01-25,"Sevilla",2,"Granada",0
"966",2020-01-26,"Ath Madrid",0,"Leganes",0
"967",2020-01-26,"Celta",0,"Eibar",0
"968",2020-01-26,"Getafe",1,"Betis",0
"969",2020-01-26,"Sociedad",3,"Mallorca",0
"970",2020-01-26,"Valladolid",0,"Real Madrid",1
"971",2020-02-01,"Granada",2,"Espanol",1
"972",2020-02-01,"Real Madrid",1,"Ath Madrid",0
"973",2020-02-01,"Mallorca",0,"Valladolid",1
"974",2020-02-01,"Valencia",1,"Celta",0
"975",2020-02-02,"Leganes",2,"Sociedad",1
"976",2020-02-02,"Eibar",1,"Betis",1
"977",2020-02-02,"Ath Bilbao",0,"Getafe",2
"978",2020-02-02,"Sevilla",1,"Alaves",1
"979",2020-02-02,"Villarreal",3,"Osasuna",1
"980",2020-02-02,"Barcelona",2,"Levante",1
"981",2020-02-07,"Alaves",2,"Eibar",1
"982",2020-02-08,"Levante",2,"Leganes",0
"983",2020-02-08,"Getafe",3,"Valencia",0
"984",2020-02-08,"Valladolid",1,"Villarreal",1
"985",2020-02-08,"Ath Madrid",1,"Granada",0
"986",2020-02-09,"Espanol",1,"Mallorca",0
"987",2020-02-09,"Sociedad",2,"Ath Bilbao",1
"988",2020-02-09,"Osasuna",1,"Real Madrid",4
"989",2020-02-09,"Celta",2,"Sevilla",1
"990",2020-02-09,"Betis",2,"Barcelona",3
"991",2020-02-14,"Valencia",2,"Ath Madrid",2
"992",2020-02-15,"Mallorca",1,"Alaves",0
"993",2020-02-15,"Barcelona",2,"Getafe",1
"994",2020-02-15,"Villarreal",2,"Levante",1
"995",2020-02-15,"Granada",2,"Valladolid",1
"996",2020-02-16,"Sevilla",2,"Espanol",2
"997",2020-02-16,"Leganes",0,"Betis",0
"998",2020-02-16,"Ath Bilbao",0,"Osasuna",1
"999",2020-02-16,"Real Madrid",2,"Celta",2
"1000",2020-02-21,"Betis",3,"Mallorca",3
"1001",2020-02-22,"Celta",1,"Leganes",0
"1002",2020-02-22,"Barcelona",5,"Eibar",0
"1003",2020-02-22,"Sociedad",3,"Valencia",0
"1004",2020-02-22,"Levante",1,"Real Madrid",0
"1005",2020-02-23,"Osasuna",0,"Granada",3
"1006",2020-02-23,"Alaves",2,"Ath Bilbao",1
"1007",2020-02-23,"Valladolid",2,"Espanol",1
"1008",2020-02-23,"Getafe",0,"Sevilla",3
"1009",2020-02-23,"Ath Madrid",3,"Villarreal",1
"1010",2020-02-28,"Sociedad",1,"Valladolid",0
"1011",2020-02-29,"Eibar",3,"Levante",0
"1012",2020-02-29,"Valencia",2,"Betis",1
"1013",2020-02-29,"Leganes",1,"Alaves",1
"1014",2020-02-29,"Granada",0,"Celta",0
"1015",2020-03-01,"Sevilla",3,"Osasuna",2
"1016",2020-03-01,"Ath Bilbao",1,"Villarreal",0
"1017",2020-03-01,"Espanol",1,"Ath Madrid",1
"1018",2020-03-01,"Mallorca",0,"Getafe",1
"1019",2020-03-01,"Real Madrid",2,"Barcelona",0
"1020",2020-03-06,"Alaves",1,"Valencia",1
"1021",2020-03-07,"Eibar",1,"Mallorca",2
"1022",2020-03-07,"Ath Madrid",2,"Sevilla",2
"1023",2020-03-07,"Barcelona",1,"Sociedad",0
"1024",2020-03-07,"Getafe",0,"Celta",0
"1025",2020-03-08,"Osasuna",1,"Espanol",0
"1026",2020-03-08,"Valladolid",1,"Ath Bilbao",4
"1027",2020-03-08,"Levante",1,"Granada",1
"1028",2020-03-08,"Villarreal",1,"Leganes",2
"1029",2020-03-08,"Betis",2,"Real Madrid",1
"1030",2020-03-10,"Eibar",1,"Sociedad",2
"1031",2020-06-11,"Sevilla",2,"Betis",0
"1032",2020-06-12,"Granada",2,"Getafe",1
"1033",2020-06-12,"Valencia",1,"Levante",1
"1034",2020-06-13,"Espanol",2,"Alaves",0
"1035",2020-06-13,"Celta",0,"Villarreal",1
"1036",2020-06-13,"Leganes",1,"Valladolid",2
"1037",2020-06-13,"Mallorca",0,"Barcelona",4
"1038",2020-06-14,"Ath Bilbao",1,"Ath Madrid",1
"1039",2020-06-14,"Real Madrid",3,"Eibar",1
"1040",2020-06-14,"Sociedad",1,"Osasuna",1
"1041",2020-06-15,"Levante",1,"Sevilla",1
"1042",2020-06-15,"Betis",2,"Granada",2
"1043",2020-06-16,"Getafe",0,"Espanol",0
"1044",2020-06-16,"Villarreal",1,"Mallorca",0
"1045",2020-06-16,"Barcelona",2,"Leganes",0
"1046",2020-06-17,"Eibar",2,"Ath Bilbao",2
"1047",2020-06-17,"Valladolid",0,"Celta",0
"1048",2020-06-17,"Osasuna",0,"Ath Madrid",5
"1049",2020-06-18,"Alaves",2,"Sociedad",0
"1050",2020-06-18,"Real Madrid",3,"Valencia",0
"1051",2020-06-19,"Granada",0,"Villarreal",1
"1052",2020-06-19,"Mallorca",1,"Leganes",1
"1053",2020-06-19,"Sevilla",0,"Barcelona",0
"1054",2020-06-20,"Espanol",1,"Levante",3
"1055",2020-06-20,"Ath Bilbao",1,"Betis",0
"1056",2020-06-20,"Getafe",1,"Eibar",1
"1057",2020-06-20,"Ath Madrid",1,"Valladolid",0
"1058",2020-06-21,"Celta",6,"Alaves",0
"1059",2020-06-21,"Valencia",2,"Osasuna",0
"1060",2020-06-21,"Sociedad",1,"Real Madrid",2
"1061",2020-06-22,"Villarreal",2,"Sevilla",2
"1062",2020-06-22,"Leganes",0,"Granada",0
"1063",2020-06-23,"Levante",0,"Ath Madrid",1
"1064",2020-06-23,"Valladolid",1,"Getafe",1
"1065",2020-06-23,"Barcelona",1,"Ath Bilbao",0
"1066",2020-06-24,"Alaves",0,"Osasuna",1
"1067",2020-06-24,"Sociedad",0,"Celta",1
"1068",2020-06-24,"Real Madrid",2,"Mallorca",0
"1069",2020-06-25,"Eibar",1,"Valencia",0
"1070",2020-06-25,"Betis",1,"Espanol",0
"1071",2020-06-26,"Sevilla",1,"Valladolid",1
"1072",2020-06-27,"Ath Bilbao",3,"Mallorca",1
"1073",2020-06-27,"Celta",2,"Barcelona",2
"1074",2020-06-27,"Osasuna",2,"Leganes",1
"1075",2020-06-27,"Ath Madrid",2,"Alaves",1
"1076",2020-06-28,"Levante",4,"Betis",2
"1077",2020-06-28,"Villarreal",2,"Valencia",0
"1078",2020-06-28,"Granada",1,"Eibar",2
"1079",2020-06-28,"Espanol",0,"Real Madrid",1
"1080",2020-06-29,"Getafe",2,"Sociedad",1
"1081",2020-06-30,"Mallorca",5,"Celta",1
"1082",2020-06-30,"Leganes",0,"Sevilla",3
"1083",2020-06-30,"Barcelona",2,"Ath Madrid",2
"1084",2020-07-01,"Alaves",0,"Granada",2
"1085",2020-07-01,"Valencia",0,"Ath Bilbao",2
"1086",2020-07-01,"Betis",0,"Villarreal",2
"1087",2020-07-01,"Valladolid",0,"Levante",0
"1088",2020-07-02,"Eibar",0,"Osasuna",2
"1089",2020-07-02,"Sociedad",2,"Espanol",1
"1090",2020-07-02,"Real Madrid",1,"Getafe",0
"1091",2020-07-03,"Ath Madrid",3,"Mallorca",0
"1092",2020-07-04,"Celta",1,"Betis",1
"1093",2020-07-04,"Valladolid",1,"Alaves",0
"1094",2020-07-04,"Granada",2,"Valencia",2
"1095",2020-07-05,"Ath Bilbao",0,"Real Madrid",1
"1096",2020-07-05,"Espanol",0,"Leganes",1
"1097",2020-07-05,"Osasuna",0,"Getafe",0
"1098",2020-07-05,"Villarreal",1,"Barcelona",4
"1099",2020-07-06,"Levante",1,"Sociedad",1
"1100",2020-07-06,"Sevilla",1,"Eibar",0
"1101",2020-07-07,"Valencia",2,"Valladolid",1
"1102",2020-07-07,"Celta",1,"Ath Madrid",1
"1103",2020-07-08,"Betis",3,"Osasuna",0
"1104",2020-07-08,"Getafe",1,"Villarreal",3
"1105",2020-07-08,"Barcelona",1,"Espanol",0
"1106",2020-07-09,"Eibar",0,"Leganes",0
"1107",2020-07-09,"Mallorca",2,"Levante",0
"1108",2020-07-09,"Ath Bilbao",1,"Sevilla",2
"1109",2020-07-10,"Sociedad",2,"Granada",3
"1110",2020-07-10,"Real Madrid",2,"Alaves",0
"1111",2020-07-11,"Osasuna",2,"Celta",1
"1112",2020-07-11,"Valladolid",0,"Barcelona",1
"1113",2020-07-11,"Ath Madrid",1,"Betis",0
"1114",2020-07-12,"Espanol",0,"Eibar",2
"1115",2020-07-12,"Levante",1,"Ath Bilbao",2
"1116",2020-07-12,"Leganes",1,"Valencia",0
"1117",2020-07-12,"Sevilla",2,"Mallorca",0
"1118",2020-07-13,"Alaves",0,"Getafe",0
"1119",2020-07-13,"Villarreal",1,"Sociedad",2
"1120",2020-07-13,"Granada",1,"Real Madrid",2
"1121",2020-07-16,"Eibar",3,"Valladolid",1
"1122",2020-07-16,"Ath Bilbao",0,"Leganes",2
"1123",2020-07-16,"Barcelona",1,"Osasuna",2
"1124",2020-07-16,"Betis",1,"Alaves",2
"1125",2020-07-16,"Celta",2,"Levante",3
"1126",2020-07-16,"Getafe",0,"Ath Madrid",2
"1127",2020-07-16,"Mallorca",1,"Granada",2
"1128",2020-07-16,"Real Madrid",2,"Villarreal",1
"1129",2020-07-16,"Sociedad",0,"Sevilla",0
"1130",2020-07-16,"Valencia",1,"Espanol",0
"1131",2020-07-19,"Alaves",0,"Barcelona",5
"1132",2020-07-19,"Valladolid",2,"Betis",0
"1133",2020-07-19,"Villarreal",4,"Eibar",0
"1134",2020-07-19,"Ath Madrid",1,"Sociedad",1
"1135",2020-07-19,"Espanol",0,"Celta",0
"1136",2020-07-19,"Granada",4,"Ath Bilbao",0
"1137",2020-07-19,"Leganes",2,"Real Madrid",2
"1138",2020-07-19,"Levante",1,"Getafe",0
"1139",2020-07-19,"Osasuna",2,"Mallorca",2
"1140",2020-07-19,"Sevilla",1,"Valencia",0
